Emp ID,Gender,Education Qualification,Job Title,Salary,Age,Leave Balance,Job_roles
AC0001,Male,Bachelor's Degree,Chocolatier,51300,26,13,Ironing
AC0002,Female,Diploma,Production Operator,38300,33,12,Stitching
AC0003,Male,High School Diploma,Packaging Associate,31400,34,16,Packing
AC0004,Female,Bachelor's Degree,Marketing Specialist,60700,30,21,Stitching
AC0005,Male,Master's Degree,Research Scientist,77300,30,23,Cutting
AC0006,Female,Bachelor's Degree,Sales Representative,49800,38,23,Ironing
AC0007,Male,High School Diploma,Production Operator,33000,32,24,Stitching
AC0008,Female,Diploma,Quality Control,41900,36,17,Pattern Making
AC0009,Male,Bachelor's Degree,Research Analyst,58100,31,16,Cutting
AC0010,Female,Master's Degree,Product Manager,82900,31,17,Stitching
AC0011,Male,High School Diploma,Packaging Associate,28900,30,16,Stitching
AC0012,Female,Diploma,Production Operator,37300,35,11,Stitching
AC0013,Male,Bachelor's Degree,Chocolatier,52700,28,25,Stitching
AC0014,Female,Master's Degree,Marketing Manager,74700,52,10,Quality Control
AC0015,Male,Bachelor's Degree,Research Analyst,55600,35,12,Cutting
AC0016,Female,High School Diploma,Packaging Associate,32900,30,17,Packing
AC0017,Female,Diploma,Quality Control,41500,32,17,Packing
AC0018,Male,Bachelor's Degree,Sales Representative,49400,31,20,Ironing
AC0019,Female,Master's Degree,Product Manager,82700,34,23,Pattern Making
AC0020,Male,High School Diploma,Production Operator,38200,31,16,Cutting
AC0021,Female,Diploma,Packaging Associate,32600,32,16,Quality Control
AC0022,Male,Bachelor's Degree,Research Scientist,76800,33,22,Cutting
AC0023,Female,Master's Degree,Marketing Specialist,62300,34,23,Ironing
AC0024,Male,Bachelor's Degree,Sales Representative,46200,30,19,Quality Control
AC0025,Female,High School Diploma,Packaging Associate,32500,64,12,Packing
AC0026,Male,Diploma,Quality Control,43100,34,16,Cutting
AC0027,Female,Bachelor's Degree,Research Analyst,60000,29,18,Cutting
AC0028,Male,Master's Degree,Product Manager,82100,33,14,Quality Control
AC0029,Female,High School Diploma,Production Operator,35900,30,15,Ironing
AC0030,Male,Diploma,Packaging Associate,31100,27,20,Pattern Making
AC0031,Female,Bachelor's Degree,Marketing Manager,74200,31,27,Quality Control
AC0032,Male,Master's Degree,Research Analyst,57100,29,13,Packing
AC0033,Female,High School Diploma,Packaging Associate,35200,34,21,Stitching
AC0034,Male,Diploma,Quality Control,42800,31,18,Stitching
AC0035,Female,Bachelor's Degree,Sales Representative,46900,35,16,Quality Control
AC0036,Male,Master's Degree,Product Manager,80700,26,13,Quality Control
AC0037,Female,High School Diploma,Production Operator,36500,24,17,Packing
AC0038,Male,Diploma,Packaging Associate,31900,30,25,Cutting
AC0039,Female,Bachelor's Degree,Chocolatier,52700,32,16,Ironing
AC0040,Male,Master's Degree,Marketing Specialist,61400,38,15,Stitching
AC0041,Female,High School Diploma,Research Scientist,79300,35,18,Cutting
AC0042,Male,Diploma,Sales Representative,49000,35,13,Ironing
AC0043,Female,Bachelor's Degree,Quality Control,44800,30,17,Pattern Making
AC0044,Male,High School Diploma,Packaging Associate,29700,32,15,Quality Control
AC0045,Female,Diploma,Production Operator,39700,30,18,Stitching
AC0046,Male,Bachelor's Degree,Chocolatier,52500,56,16,Cutting
AC0047,Female,Master's Degree,Marketing Manager,73500,63,23,Stitching
AC0048,Female,Bachelor's Degree,Research Analyst,57800,34,14,Ironing
AC0049,Male,High School Diploma,Packaging Associate,34900,30,19,Pattern Making
AC0050,Female,Diploma,Quality Control,44400,32,18,Ironing
AC0051,Female,Bachelor's Degree,Sales Representative,46000,54,15,Packing
AC0052,Female,Master's Degree,Product Manager,84800,34,18,Ironing
AC0053,Male,High School Diploma,Production Operator,39300,38,16,Ironing
AC0054,Male,Diploma,Packaging Associate,29000,30,30,Quality Control
AC0055,Female,Bachelor's Degree,Chocolatier,53900,32,23,Pattern Making
AC0056,Male,Master's Degree,Marketing Specialist,63600,35,10,Cutting
AC0057,Female,High School Diploma,Research Scientist,77000,36,17,Ironing
AC0058,Male,Bachelor's Degree,Sales Representative,49700,31,19,Packing
AC0059,Female,Diploma,Quality Control,43000,34,4,Stitching
AC0060,Female,Bachelor's Degree,Packaging Associate,36200,36,19,Stitching
AC0061,Male,Master's Degree,Marketing Manager,70800,37,18,Stitching
AC0062,Male,High School Diploma,Research Analyst,55700,32,22,Stitching
AC0063,Female,Diploma,Product Manager,83600,33,18,Quality Control
AC0064,Male,Bachelor's Degree,Production Operator,39800,31,15,Quality Control
AC0065,Female,Master's Degree,Chocolatier,51400,34,8,Cutting
AC0066,Male,High School Diploma,Marketing Specialist,63100,30,21,Packing
AC0067,Female,Bachelor's Degree,Research Scientist,76300,65,16,Packing
AC0068,Female,Diploma,Sales Representative,47800,28,19,Cutting
AC0069,Male,Bachelor's Degree,Quality Control,41500,33,13,Pattern Making
AC0070,Female,High School Diploma,Packaging Associate,33600,46,16,Ironing
AC0071,Male,Diploma,Production Operator,37000,33,17,Ironing
AC0072,Female,Bachelor's Degree,Research Analyst,56700,35,14,Pattern Making
AC0073,Male,Master's Degree,Product Manager,84700,35,20,Pattern Making
AC0074,Female,High School Diploma,Chocolatier,51300,36,14,Ironing
AC0075,Female,Diploma,Marketing Manager,74800,31,20,Pattern Making
AC0076,Male,Bachelor's Degree,Research Scientist,78400,31,22,Pattern Making
AC0077,Female,High School Diploma,Sales Representative,48300,28,20,Pattern Making
AC0078,Female,Diploma,Quality Control,42100,36,16,Stitching
AC0079,Female,Bachelor's Degree,Packaging Associate,36000,32,17,Ironing
AC0080,Male,Master's Degree,Production Operator,37700,35,20,Quality Control
AC0081,Female,High School Diploma,Research Analyst,56900,30,12,Packing
AC0082,Female,Diploma,Product Manager,81600,62,6,Cutting
AC0083,Male,Bachelor's Degree,Chocolatier,51200,43,22,Stitching
AC0084,Female,Master's Degree,Marketing Specialist,61400,31,15,Packing
AC0085,Male,High School Diploma,Research Scientist,76700,31,16,Cutting
AC0086,Female,Diploma,Sales Representative,49800,50,15,Packing
AC0087,Male,Bachelor's Degree,Quality Control,43000,61,24,Cutting
AC0088,Female,High School Diploma,Packaging Associate,36200,40,14,Stitching
AC0089,Male,Diploma,Production Operator,36400,38,20,Packing
AC0090,Female,Bachelor's Degree,Chocolatier,54900,32,17,Pattern Making
AC0091,Male,Master's Degree,Marketing Manager,74200,31,17,Packing
AC0092,Male,High School Diploma,Research Analyst,58700,47,6,Cutting
AC0093,Female,Diploma,Product Manager,81100,35,16,Stitching
AC0094,Female,Bachelor's Degree,Production Operator,38300,34,14,Stitching
AC0095,Male,Master's Degree,Chocolatier,51100,36,15,Cutting
AC0096,Female,High School Diploma,Marketing Specialist,63500,28,20,Packing
AC0097,Female,Bachelor's Degree,Research Scientist,78900,30,17,Stitching
AC0098,Female,Diploma,Sales Representative,46000,38,21,Stitching
AC0099,Male,Bachelor's Degree,Quality Control,44400,35,16,Quality Control
AC0100,Female,High School Diploma,Packaging Associate,36200,40,24,Packing
AC0101,Female,Diploma,Production Operator,38800,32,20,Quality Control
AC0102,Male,Bachelor's Degree,Research Analyst,57800,37,15,Pattern Making
AC0103,Male,Master's Degree,Product Manager,82800,52,20,Pattern Making
AC0104,Female,High School Diploma,Chocolatier,53900,36,15,Pattern Making
AC0105,Male,Diploma,Marketing Manager,73900,30,12,Quality Control
AC0106,Female,Bachelor's Degree,Research Scientist,76100,28,16,Pattern Making
AC0107,Male,High School Diploma,Sales Representative,45500,29,14,Stitching
AC0108,Female,Diploma,Quality Control,44600,37,10,Pattern Making
AC0109,Male,Bachelor's Degree,Packaging Associate,36100,27,8,Pattern Making
AC0110,Male,Master's Degree,Production Operator,35500,30,24,Cutting
AC0111,Female,High School Diploma,Research Analyst,58000,33,13,Quality Control
AC0112,Female,Diploma,Product Manager,81400,35,19,Ironing
AC0113,Male,Bachelor's Degree,Chocolatier,51000,35,22,Stitching
AC0114,Female,Master's Degree,Marketing Specialist,61600,31,15,Packing
AC0115,Female,High School Diploma,Research Scientist,77100,32,9,Stitching
AC0116,Female,Diploma,Sales Representative,47900,32,9,Packing
AC0117,Male,Bachelor's Degree,Quality Control,43000,28,17,Packing
AC0118,Female,High School Diploma,Packaging Associate,35100,36,21,Stitching
AC0119,Female,Diploma,Production Operator,39700,31,16,Quality Control
AC0120,Male,Bachelor's Degree,Research Analyst,59200,31,18,Pattern Making
AC0121,Male,Master's Degree,Product Manager,85000,65,5,Packing
AC0122,Female,High School Diploma,Chocolatier,52700,30,10,Cutting
AC0123,Male,Diploma,Marketing Manager,74900,34,11,Pattern Making
AC0124,Female,Bachelor's Degree,Research Scientist,77500,30,14,Pattern Making
AC0125,Male,High School Diploma,Sales Representative,45900,37,16,Quality Control
AC0126,Female,Diploma,Quality Control,45000,36,2,Stitching
AC0127,Male,Bachelor's Degree,Packaging Associate,33100,34,9,Pattern Making
AC0128,Male,Master's Degree,Production Operator,37600,38,18,Stitching
AC0129,Female,High School Diploma,Research Analyst,58300,29,16,Packing
AC0130,Female,Diploma,Product Manager,83900,31,14,Packing
AC0131,Male,Bachelor's Degree,Chocolatier,51100,34,16,Cutting
AC0132,Female,Master's Degree,Marketing Specialist,62900,37,15,Packing
AC0133,Female,High School Diploma,Research Scientist,79200,31,14,Ironing
AC0134,Female,Diploma,Sales Representative,47000,32,22,Pattern Making
AC0135,Male,Bachelor's Degree,Quality Control,42400,66,19,Ironing
AC0136,Female,High School Diploma,Packaging Associate,33800,67,8,Ironing
AC0137,Female,Diploma,Production Operator,36000,31,18,Ironing
AC0138,Male,Bachelor's Degree,Research Analyst,58500,31,23,Cutting
AC0139,Male,Master's Degree,Product Manager,83200,32,9,Quality Control
AC0140,Female,High School Diploma,Chocolatier,51100,32,10,Pattern Making
AC0141,Male,Diploma,Marketing Manager,73200,31,12,Stitching
AC0142,Female,Bachelor's Degree,Research Scientist,77800,29,6,Packing
AC0143,Male,High School Diploma,Sales Representative,45500,36,20,Ironing
AC0144,Female,Diploma,Quality Control,41800,31,18,Cutting
AC0145,Male,Bachelor's Degree,Packaging Associate,32600,29,37,Quality Control
AC0146,Male,Master's Degree,Production Operator,37600,31,9,Ironing
AC0147,Female,High School Diploma,Research Analyst,59500,61,18,Ironing
AC0148,Female,Diploma,Product Manager,82400,34,14,Cutting
AC0149,Male,Bachelor's Degree,Chocolatier,51300,33,23,Ironing
AC0150,Female,Master's Degree,Marketing Specialist,61200,44,14,Stitching
AC0151,Female,High School Diploma,Research Scientist,78200,28,21,Ironing
AC0152,Female,Diploma,Sales Representative,48100,37,16,Pattern Making
AC0153,Male,Bachelor's Degree,Quality Control,44000,31,15,Pattern Making
AC0154,Female,High School Diploma,Packaging Associate,36000,26,15,Packing
AC0155,Female,Diploma,Production Operator,37400,46,20,Quality Control
AC0156,Male,Bachelor's Degree,Research Analyst,57100,34,16,Pattern Making
AC0157,Male,Master's Degree,Product Manager,82300,34,18,Packing
AC0158,Female,High School Diploma,Chocolatier,52900,30,8,Quality Control
AC0159,Male,Diploma,Marketing Manager,71100,32,13,Cutting
AC0160,Female,Bachelor's Degree,Research Scientist,76900,33,17,Cutting
AC0161,Male,High School Diploma,Sales Representative,46400,37,11,Cutting
